"country","iso","year","hiv_expenditure"
"Afghanistan","AFG",2008,3241418
"Afghanistan","AFG",2009,5158552
"Afghanistan","AFG",2010,4437825
"Afghanistan","AFG",2011,8002073.5
"Afghanistan","AFG",2012,9052547
"Afghanistan","AFG",2013,5312479
"Afghanistan","AFG",2014,4181138
"Afghanistan","AFG",2016,242127.05
"Afghanistan","AFG",2017,44908.64
"Afghanistan","AFG",2018,10077893
"Afghanistan","AFG",2020,0
"Afghanistan","AFG",2022,0
"Albania","ALB",2005,2376957
"Albania","ALB",2018,5614403
"Albania","ALB",2020,0
"Albania","ALB",2022,0
"Algeria","DZA",2006,3673849.5
"Algeria","DZA",2008,3802015.8
"Algeria","DZA",2009,2726734
"Algeria","DZA",2010,5840187.5
"Algeria","DZA",2011,6314132.5
"Algeria","DZA",2012,6773707
"Algeria","DZA",2013,12456208
"Algeria","DZA",2014,17268654
"Algeria","DZA",2017,31899472
"Angola","AGO",2006,27724126
"Angola","AGO",2007,47493990
"Angola","AGO",2008,31765940
"Angola","AGO",2009,34699650
"Angola","AGO",2010,34338190
"Angola","AGO",2011,33893240
"Angola","AGO",2020,10428830
"Angola","AGO",2021,28121470
"Angola","AGO",2022,83683260
"Antigua and Barbuda","ATG",2006,157323.73
"Antigua and Barbuda","ATG",2007,159827.5
"Antigua and Barbuda","ATG",2008,329358.88
"Antigua and Barbuda","ATG",2009,390760.4
"Antigua and Barbuda","ATG",2010,1376617.8
"Antigua and Barbuda","ATG",2011,617262.44
"Antigua and Barbuda","ATG",2012,987160.75
"Antigua and Barbuda","ATG",2013,1423132.2
"Antigua and Barbuda","ATG",2017,496441.5
"Antigua and Barbuda","ATG",2018,0
"Antigua and Barbuda","ATG",2019,1810.3167
"Antigua and Barbuda","ATG",2020,200140
"Antigua and Barbuda","ATG",2022,0
"Argentina","ARG",2006,173538370
"Argentina","ARG",2007,231030700
"Argentina","ARG",2008,259349380
"Argentina","ARG",2009,287127300
"Argentina","ARG",2010,320503100
"Argentina","ARG",2011,447720130
"Argentina","ARG",2012,501794240
"Argentina","ARG",2014,716730000
"Argentina","ARG",2015,807350000
"Argentina","ARG",2016,627390000
"Argentina","ARG",2018,0
"Argentina","ARG",2019,0
"Argentina","ARG",2020,0
"Argentina","ARG",2021,0
"Argentina","ARG",2022,0
"Armenia","ARM",2007,2476108
"Armenia","ARM",2008,2604517.2
"Armenia","ARM",2009,2301071.2
"Armenia","ARM",2010,5052363.5
"Armenia","ARM",2011,5587011
"Armenia","ARM",2012,5338915.5
"Armenia","ARM",2013,5006127.5
"Armenia","ARM",2014,6816743
"Armenia","ARM",2016,4222796
"Armenia","ARM",2017,5613096.5
"Armenia","ARM",2019,4298339
"Armenia","ARM",2020,3391340
"Armenia","ARM",2021,3752747
"Armenia","ARM",2022,6002930
"Aruba","ABW",2005,10000
"Aruba","ABW",2006,10000
"Aruba","ABW",2007,10000
"Australia","AUS",2006,101415110
"Azerbaijan","AZE",2007,2220238
"Azerbaijan","AZE",2008,5012004
"Azerbaijan","AZE",2009,6061650.5
"Azerbaijan","AZE",2010,8236251
"Azerbaijan","AZE",2011,14555704
"Azerbaijan","AZE",2013,18611700
"Azerbaijan","AZE",2014,20627360
"Azerbaijan","AZE",2018,0
"Azerbaijan","AZE",2019,0
"Azerbaijan","AZE",2020,0
"Azerbaijan","AZE",2021,9386072
"Azerbaijan","AZE",2022,0
"Bahamas","BHS",2006,2148723
"Bahamas","BHS",2008,4468559.5
"Bahamas","BHS",2009,4901264.5
"Bahamas","BHS",2019,0
"Bahamas","BHS",2020,0
"Bahamas","BHS",2022,0
"Bangladesh","BGD",2008,37264780
"Bangladesh","BGD",2009,26938054
"Bangladesh","BGD",2010,15203324
"Bangladesh","BGD",2011,18804376
"Bangladesh","BGD",2012,12483352
"Bangladesh","BGD",2013,21143542
"Bangladesh","BGD",2015,12759322
"Bangladesh","BGD",2016,9137462
"Bangladesh","BGD",2017,7103747
"Bangladesh","BGD",2018,15071566
"Bangladesh","BGD",2020,0
"Bangladesh","BGD",2021,35088840
"Bangladesh","BGD",2022,8549229
"Barbados","BRB",2006,7128686.5
"Barbados","BRB",2009,5539683
"Barbados","BRB",2010,7390301
"Barbados","BRB",2011,8078374.5
"Barbados","BRB",2012,9976349
"Barbados","BRB",2013,15971143
"Barbados","BRB",2019,0
"Barbados","BRB",2020,0
"Barbados","BRB",2021,3995133.5
"Barbados","BRB",2022,0
"Belarus","BLR",2006,13132657
"Belarus","BLR",2008,20479442
"Belarus","BLR",2009,17734674
"Belarus","BLR",2010,19722982
"Belarus","BLR",2011,19864484
"Belarus","BLR",2012,19785986
"Belarus","BLR",2013,18582286
"Belarus","BLR",2014,22445924
"Belarus","BLR",2016,17639014
"Belarus","BLR",2017,21000246
"Belarus","BLR",2019,0
"Belarus","BLR",2020,0
"Belarus","BLR",2022,40080536
"Belgium","BEL",2008,111777464
"Belgium","BEL",2009,146014580
"Belgium","BEL",2010,159087440
"Belize","BLZ",2008,2024334.5
"Belize","BLZ",2009,2024334.5
"Belize","BLZ",2010,2877998
"Belize","BLZ",2012,2836771.5
"Belize","BLZ",2022,0
"Benin","BEN",2007,21954940
"Benin","BEN",2008,25238076
"Benin","BEN",2009,32435198
"Benin","BEN",2010,18197534
"Benin","BEN",2012,30811008
"Benin","BEN",2013,22257640
"Benin","BEN",2014,20362464
"Benin","BEN",2015,18587204
"Benin","BEN",2016,16793572
"Benin","BEN",2017,22805998
"Benin","BEN",2018,13229862
"Benin","BEN",2019,17051508
"Benin","BEN",2020,22220326
"Benin","BEN",2021,14897663
"Benin","BEN",2022,26256686
"Bhutan","BTN",2016,0
"Bhutan","BTN",2017,0
"Bhutan","BTN",2018,630124
"Bhutan","BTN",2019,0
"Bhutan","BTN",2020,850255
"Bhutan","BTN",2022,249549
"Bolivia","BOL",2005,1833231.9
"Bolivia","BOL",2006,4024537.8
"Bolivia","BOL",2007,3182866
"Bolivia","BOL",2008,5393563
"Bolivia","BOL",2009,9733435
"Bolivia","BOL",2011,9251710
"Bolivia","BOL",2012,11768762
"Bolivia","BOL",2019,0
"Bolivia","BOL",2022,0
"Bosnia and Herzegovina","BIH",2008,2759908.2
"Bosnia and Herzegovina","BIH",2009,3584302.2
"Botswana","BWA",2005,208930900
"Botswana","BWA",2006,143406320
"Botswana","BWA",2007,229457660
"Botswana","BWA",2008,348408030
"Botswana","BWA",2009,306431300
"Botswana","BWA",2010,363240700
"Botswana","BWA",2011,390616030
"Botswana","BWA",2014,137629200
"Botswana","BWA",2015,0
"Botswana","BWA",2016,157743200
"Botswana","BWA",2017,158991780
"Botswana","BWA",2018,144291630
"Botswana","BWA",2019,162687100
"Botswana","BWA",2020,0
"Botswana","BWA",2021,0
"Botswana","BWA",2022,0
"Brazil","BRA",2006,565185860
"Brazil","BRA",2007,575138500
"Brazil","BRA",2008,623133500
"Brazil","BRA",2009,656848900
"Brazil","BRA",2010,734242600
"Brazil","BRA",2011,812604540
"Brazil","BRA",2012,694741500
"Brazil","BRA",2014,804365950
"Brazil","BRA",2017,771909000
"Brazil","BRA",2018,699139300
"Brazil","BRA",2019,676781250
"Brazil","BRA",2020,559236030
"Brazil","BRA",2021,501399580
"Brazil","BRA",2022,513536400
"Brunei","BRN",2022,0
"Bulgaria","BGR",2005,7778041
"Bulgaria","BGR",2006,6603845
"Bulgaria","BGR",2007,6665826
"Bulgaria","BGR",2008,9211929
"Bulgaria","BGR",2009,11051032
"Bulgaria","BGR",2011,13716892
"Bulgaria","BGR",2012,10838021
"Bulgaria","BGR",2013,11959462
"Bulgaria","BGR",2014,14796161
"Bulgaria","BGR",2015,12925532
"Bulgaria","BGR",2017,20128658
"Burkina Faso","BFA",2006,47298132
"Burkina Faso","BFA",2007,42567456
"Burkina Faso","BFA",2008,52978376
"Burkina Faso","BFA",2009,62092748
"Burkina Faso","BFA",2010,58282724
"Burkina Faso","BFA",2011,48066176
"Burkina Faso","BFA",2012,56480732
"Burkina Faso","BFA",2013,58401076
"Burkina Faso","BFA",2017,39055320
"Burkina Faso","BFA",2019,37610860
"Burkina Faso","BFA",2020,11858387
"Burkina Faso","BFA",2021,12054880
"Burkina Faso","BFA",2022,19663388
"Burundi","BDI",2007,26191560
"Burundi","BDI",2008,26446970
"Burundi","BDI",2009,27034142
"Burundi","BDI",2010,41776444
"Burundi","BDI",2011,25443438
"Burundi","BDI",2012,38747560
"Burundi","BDI",2013,41460904
"Burundi","BDI",2014,18414530
"Cambodia","KHM",2006,46219588
"Cambodia","KHM",2007,53258764
"Cambodia","KHM",2008,51846996
"Cambodia","KHM",2009,53735196
"Cambodia","KHM",2010,58059468
"Cambodia","KHM",2011,52834016
"Cambodia","KHM",2012,50883716
"Cambodia","KHM",2015,43322536
"Cambodia","KHM",2018,0
"Cambodia","KHM",2020,0
"Cambodia","KHM",2022,0
"Cameroon","CMR",2004,24284084
"Cameroon","CMR",2005,43173624
"Cameroon","CMR",2006,33937836
"Cameroon","CMR",2007,37998196
"Cameroon","CMR",2008,44863108
"Cameroon","CMR",2009,76970910
"Cameroon","CMR",2010,64185624
"Cameroon","CMR",2011,47971212
"Cameroon","CMR",2012,50840876
"Cameroon","CMR",2013,72549304
"Cameroon","CMR",2018,0
"Cameroon","CMR",2019,0
"Cameroon","CMR",2020,0
"Cameroon","CMR",2021,0
"Cameroon","CMR",2022,0
"Canada","CAN",2016,0
"Canada","CAN",2017,0
"Canada","CAN",2018,0
"Canada","CAN",2019,0
"Canada","CAN",2020,0
"Canada","CAN",2021,0
"Canada","CAN",2022,0
"Cape Verde","CPV",2006,799656
"Cape Verde","CPV",2007,1790645.8
"Cape Verde","CPV",2008,2569599.8
"Cape Verde","CPV",2009,1110770.4
"Cape Verde","CPV",2010,2550065.5
"Cape Verde","CPV",2011,3601972.2
"Cape Verde","CPV",2012,34027.44
"Cape Verde","CPV",2013,4916286
"Cape Verde","CPV",2014,3811653.5
"Central African Republic","CAF",2006,14962737
"Central African Republic","CAF",2007,10548131
"Central African Republic","CAF",2008,20637244
"Central African Republic","CAF",2009,11442259
"Central African Republic","CAF",2010,14897398
"Central African Republic","CAF",2011,15784564
"Central African Republic","CAF",2016,15787850
"Central African Republic","CAF",2017,11686418
"Central African Republic","CAF",2018,10943141
"Central African Republic","CAF",2019,0
"Central African Republic","CAF",2020,0
"Central African Republic","CAF",2021,2105596
"Central African Republic","CAF",2022,27107796
"Chad","TCD",2007,8767272
"Chad","TCD",2008,14037230
"Chad","TCD",2009,12657267
"Chad","TCD",2010,11791489
"Chad","TCD",2011,18001758
"Chad","TCD",2012,16349143
"Chad","TCD",2013,17632654
"Chad","TCD",2020,0
"Chad","TCD",2022,12249870
"Chile","CHL",2005,69167100
"Chile","CHL",2008,112166090
"Chile","CHL",2009,141307410
"Chile","CHL",2010,157229150
"Chile","CHL",2011,165883780
"Chile","CHL",2012,212550140
"Chile","CHL",2015,172772050
"Chile","CHL",2016,184816560
"Chile","CHL",2017,282358600
"Chile","CHL",2018,316014340
"Chile","CHL",2019,325931500
"Chile","CHL",2020,0
"Chile","CHL",2021,241730290
"Chile","CHL",2022,357517900
"China","CHN",2006,138927260
"China","CHN",2007,124115810
"China","CHN",2008,323834200
"China","CHN",2009,353535360
"China","CHN",2010,586572400
"China","CHN",2011,593989600
"China","CHN",2012,635813440
"China","CHN",2013,757504300
"China","CHN",2014,989975550
"China","CHN",2016,1047344960
"China","CHN",2018,1212486400
"China","CHN",2020,0
"China","CHN",2021,1107047200
"China","CHN",2022,1053771500
"Colombia","COL",2006,98169190
"Colombia","COL",2007,87978216
"Colombia","COL",2008,128878180
"Colombia","COL",2009,105630776
"Colombia","COL",2010,113064730
"Colombia","COL",2011,96673830
"Colombia","COL",2012,134944830
"Colombia","COL",2013,119528050
"Colombia","COL",2018,0
"Colombia","COL",2019,0
"Colombia","COL",2020,11403814
"Colombia","COL",2022,121068460
"Comoros","COM",2007,150000
"Comoros","COM",2010,169642.73
"Comoros","COM",2011,936323.5
"Comoros","COM",2012,1532306
"Comoros","COM",2013,696389.25
"Comoros","COM",2014,1052149
"Comoros","COM",2016,836125
"Comoros","COM",2017,2325187.8
"Comoros","COM",2018,0
"Comoros","COM",2019,1625227.5
"Comoros","COM",2020,1120006.6
"Comoros","COM",2021,1302106.4
"Congo","COG",2007,9443990
"Congo","COG",2008,11628857
"Congo","COG",2009,11976747
"Congo","COG",2010,16472586
"Congo","COG",2018,0
"Congo","COG",2019,0
"Costa Rica","CRI",2006,35727300
"Costa Rica","CRI",2008,43923784
"Costa Rica","CRI",2010,30556390
"Costa Rica","CRI",2012,22246680
"Costa Rica","CRI",2018,54011160
"Costa Rica","CRI",2019,43602630
"Costa Rica","CRI",2020,62614490
"Costa Rica","CRI",2021,0
"Costa Rica","CRI",2022,56415004
"Cote d'Ivoire","CIV",2005,15782199
"Cote d'Ivoire","CIV",2006,47039580
"Cote d'Ivoire","CIV",2007,70975030
"Cote d'Ivoire","CIV",2008,67294320
"Cote d'Ivoire","CIV",2009,119936504
"Cote d'Ivoire","CIV",2011,97995384
"Cote d'Ivoire","CIV",2012,124202800
"Cote d'Ivoire","CIV",2013,63012680
"Cote d'Ivoire","CIV",2016,21902420
"Cote d'Ivoire","CIV",2018,0
"Cote d'Ivoire","CIV",2019,0
"Cote d'Ivoire","CIV",2020,0
"Cote d'Ivoire","CIV",2022,0
"Croatia","HRV",2006,8424444
"Croatia","HRV",2007,8907939
"Croatia","HRV",2008,9957027
"Croatia","HRV",2009,10367188
"Croatia","HRV",2012,11278317
"Croatia","HRV",2013,14363785
"Cuba","CUB",2007,44509068
"Cuba","CUB",2008,46615804
"Cuba","CUB",2009,68720824
"Cuba","CUB",2010,66854940
"Cuba","CUB",2011,70567384
"Cuba","CUB",2012,72046450
"Cuba","CUB",2013,69734376
"Cuba","CUB",2022,0
"Czechia","CZE",2007,57386484
"Czechia","CZE",2008,64836190
"Czechia","CZE",2009,70147860
"Czechia","CZE",2020,0
"Democratic Republic of Congo","COD",2006,41689250
"Democratic Republic of Congo","COD",2008,96365320
"Democratic Republic of Congo","COD",2009,186945820
"Democratic Republic of Congo","COD",2010,195554370
"Democratic Republic of Congo","COD",2011,190800210
"Democratic Republic of Congo","COD",2012,229278480
"Democratic Republic of Congo","COD",2013,222443090
"Democratic Republic of Congo","COD",2015,82833990
"Democratic Republic of Congo","COD",2016,149439200
"Democratic Republic of Congo","COD",2017,174572260
"Democratic Republic of Congo","COD",2018,0
"Democratic Republic of Congo","COD",2019,0
"Democratic Republic of Congo","COD",2020,0
"Democratic Republic of Congo","COD",2021,223877220
"Djibouti","DJI",2007,3690621
"Djibouti","DJI",2008,3220826
"Djibouti","DJI",2009,2006625
"Djibouti","DJI",2010,5046033.5
"Djibouti","DJI",2011,4293493
"Djibouti","DJI",2012,3828455.5
"Djibouti","DJI",2014,2883765.2
"Djibouti","DJI",2019,0
"Djibouti","DJI",2020,0
"Djibouti","DJI",2022,0
"Dominica","DMA",2008,177654.84
"Dominica","DMA",2009,177654.84
"Dominica","DMA",2010,223664.38
"Dominica","DMA",2011,223664.38
"Dominica","DMA",2012,336411.06
"Dominica","DMA",2017,183197.12
"Dominica","DMA",2018,0
"Dominica","DMA",2019,2157886.5
"Dominica","DMA",2022,259064.08
"Dominican Republic","DOM",2007,37420644
"Dominican Republic","DOM",2008,31331008
"Dominican Republic","DOM",2012,40729788
"Dominican Republic","DOM",2013,17053574
"Dominican Republic","DOM",2014,17026154
"Dominican Republic","DOM",2015,19117472
"Dominican Republic","DOM",2016,26788580
"Dominican Republic","DOM",2017,20973402
"Dominican Republic","DOM",2018,53267532
"Dominican Republic","DOM",2019,53418680
"Dominican Republic","DOM",2020,53696932
"Dominican Republic","DOM",2021,50438000
"Dominican Republic","DOM",2022,57237950
"East Timor","TLS",2008,1826972.8
"East Timor","TLS",2009,1803013.8
"East Timor","TLS",2020,0
"East Timor","TLS",2021,0
"East Timor","TLS",2022,1224089
"Ecuador","ECU",2005,2950901.8
"Ecuador","ECU",2006,10209005
"Ecuador","ECU",2007,7473084.5
"Ecuador","ECU",2010,28641874
"Ecuador","ECU",2014,13230522
"Ecuador","ECU",2018,15614260
"Ecuador","ECU",2019,15959367
"Ecuador","ECU",2020,16750590
"Ecuador","ECU",2021,12875780
"Ecuador","ECU",2022,12249805
"Egypt","EGY",2007,6391755.5
"Egypt","EGY",2008,7652152
"Egypt","EGY",2016,0
"Egypt","EGY",2017,0
"Egypt","EGY",2018,0
"Egypt","EGY",2019,0
"Egypt","EGY",2020,1908397
"Egypt","EGY",2022,0
"El Salvador","SLV",2006,35970390
"El Salvador","SLV",2007,43769464
"El Salvador","SLV",2008,41232424
"El Salvador","SLV",2010,49857064
"El Salvador","SLV",2012,59224230
"El Salvador","SLV",2013,62305784
"El Salvador","SLV",2015,69971304
"El Salvador","SLV",2017,60112212
"El Salvador","SLV",2018,49288264
"El Salvador","SLV",2019,46000850
"El Salvador","SLV",2020,48174776
"El Salvador","SLV",2021,59564724
"El Salvador","SLV",2022,62405412
"Equatorial Guinea","GNQ",2007,1314029.6
"Equatorial Guinea","GNQ",2008,2926458.5
"Equatorial Guinea","GNQ",2009,2840865
"Equatorial Guinea","GNQ",2012,2364083
"Equatorial Guinea","GNQ",2013,8715789
"Equatorial Guinea","GNQ",2020,0
"Eritrea","ERI",2005,15411702
"Eritrea","ERI",2006,7183159
"Eritrea","ERI",2007,7792681.5
"Eritrea","ERI",2008,14456536
"Eritrea","ERI",2009,13661214
"Eritrea","ERI",2018,4631024
"Eritrea","ERI",2019,4155552
"Eritrea","ERI",2020,7237751
"Eritrea","ERI",2021,3670115
"Estonia","EST",2008,18373202
"Estonia","EST",2010,16353142
"Estonia","EST",2020,0
"Eswatini","SWZ",2006,49113384
"Eswatini","SWZ",2007,49446930
"Eswatini","SWZ",2009,75280456
"Eswatini","SWZ",2011,86741190
"Eswatini","SWZ",2012,82568470
"Eswatini","SWZ",2013,96931520
"Eswatini","SWZ",2019,102113480
"Eswatini","SWZ",2020,0
"Eswatini","SWZ",2022,0
"Ethiopia","ETH",2008,248000110
"Ethiopia","ETH",2011,403309470
"Ethiopia","ETH",2016,351583870
"Ethiopia","ETH",2017,0
"Ethiopia","ETH",2018,252655550
"Ethiopia","ETH",2019,188670050
"Ethiopia","ETH",2020,0
"Ethiopia","ETH",2022,0
"Fiji","FJI",2007,1849093.9
"Fiji","FJI",2008,2506227
"Fiji","FJI",2009,2332251.5
"Fiji","FJI",2010,2096988.5
"Fiji","FJI",2011,2255212
"Fiji","FJI",2012,335117.62
"Fiji","FJI",2013,191953.14
"Fiji","FJI",2014,213386.34
"Fiji","FJI",2016,668269
"Fiji","FJI",2020,0
"Fiji","FJI",2022,0
"Gabon","GAB",2007,10531078
"Gabon","GAB",2008,11918290
"Gabon","GAB",2009,6583069
"Gabon","GAB",2010,8035395
"Gabon","GAB",2011,9934667
"Gabon","GAB",2012,15229285
"Gabon","GAB",2013,11176198
"Gabon","GAB",2014,6452777
"Gabon","GAB",2018,5825622.5
"Gabon","GAB",2019,0
"Gabon","GAB",2021,0
"Gabon","GAB",2022,0
"Gambia","GMB",2007,4898005
"Gambia","GMB",2008,4987930
"Gambia","GMB",2014,3850000.8
"Gambia","GMB",2018,0
"Gambia","GMB",2019,1019974.7
"Gambia","GMB",2020,0
"Gambia","GMB",2022,0
"Georgia","GEO",2006,5294119
"Georgia","GEO",2008,8218686
"Georgia","GEO",2009,10372886
"Georgia","GEO",2011,14255584
"Georgia","GEO",2012,16557873
"Georgia","GEO",2013,16103397
"Georgia","GEO",2014,16962520
"Georgia","GEO",2015,15953310
"Georgia","GEO",2017,19929496
"Georgia","GEO",2018,0
"Georgia","GEO",2019,15897791
"Georgia","GEO",2020,15920176
"Georgia","GEO",2021,16489454
"Georgia","GEO",2022,17511484
"Germany","DEU",2019,0
"Germany","DEU",2020,0
"Ghana","GHA",2006,22982244
"Ghana","GHA",2007,52445092
"Ghana","GHA",2008,38850940
"Ghana","GHA",2009,54228388
"Ghana","GHA",2010,62147564
"Ghana","GHA",2011,81677336
"Ghana","GHA",2012,145105920
"Ghana","GHA",2013,106502690
"Ghana","GHA",2014,151619630
"Ghana","GHA",2015,92306720
"Ghana","GHA",2016,69018200
"Ghana","GHA",2017,92573990
"Ghana","GHA",2018,67413060
"Ghana","GHA",2019,88648570
"Ghana","GHA",2020,107280240
"Ghana","GHA",2021,127828300
"Greece","GRC",2008,96058430
"Grenada","GRD",2006,1050000
"Grenada","GRD",2008,483594.97
"Grenada","GRD",2009,194492.69
"Grenada","GRD",2010,93501.414
"Grenada","GRD",2011,7434.65
"Grenada","GRD",2012,120140.92
"Grenada","GRD",2013,194829.48
"Guatemala","GTM",2002,12571165
"Guatemala","GTM",2003,15850808
"Guatemala","GTM",2004,19393994
"Guatemala","GTM",2005,21868378
"Guatemala","GTM",2006,21155492
"Guatemala","GTM",2009,45025410
"Guatemala","GTM",2011,46930850
"Guatemala","GTM",2012,53225010
"Guatemala","GTM",2013,57371336
"Guatemala","GTM",2014,55519730
"Guatemala","GTM",2015,0
"Guatemala","GTM",2016,25067542
"Guatemala","GTM",2017,53109150
"Guatemala","GTM",2018,52726732
"Guatemala","GTM",2019,53489556
"Guatemala","GTM",2020,52278176
"Guatemala","GTM",2022,0
"Guinea","GIN",2007,7421451.5
"Guinea","GIN",2008,13226373
"Guinea","GIN",2009,13508992
"Guinea","GIN",2010,11942596
"Guinea","GIN",2011,15044153
"Guinea","GIN",2012,12076993
"Guinea","GIN",2013,14413835
"Guinea","GIN",2014,15762745
"Guinea","GIN",2016,20925838
"Guinea","GIN",2017,8873515
"Guinea","GIN",2018,0
"Guinea","GIN",2019,27264404
"Guinea","GIN",2020,34475924
"Guinea","GIN",2021,16559316
"Guinea","GIN",2022,21080800
"Guinea-Bissau","GNB",2006,2859366.5
"Guinea-Bissau","GNB",2007,2799713.2
"Guinea-Bissau","GNB",2008,4129567.8
"Guinea-Bissau","GNB",2009,5739812.5
"Guinea-Bissau","GNB",2010,5258837
"Guyana","GUY",2011,21541642
"Guyana","GUY",2012,21921472
"Guyana","GUY",2018,0
"Guyana","GUY",2019,0
"Guyana","GUY",2022,0
"Haiti","HTI",2006,70285700
"Haiti","HTI",2007,73348820
"Haiti","HTI",2008,144431250
"Haiti","HTI",2009,135718460
"Haiti","HTI",2010,166132140
"Haiti","HTI",2011,209009280
"Haiti","HTI",2012,115806400
"Haiti","HTI",2013,127874380
"Haiti","HTI",2014,137722260
"Haiti","HTI",2016,111563840
"Haiti","HTI",2018,114745310
"Haiti","HTI",2019,99937864
"Haiti","HTI",2020,95301256
"Haiti","HTI",2021,105702110
"Honduras","HND",2006,17485078
"Honduras","HND",2007,22393728
"Honduras","HND",2008,28463574
"Honduras","HND",2009,31974904
"Honduras","HND",2010,36184176
"Honduras","HND",2011,36126244
"Honduras","HND",2012,38299976
"Honduras","HND",2013,36713776
"Honduras","HND",2016,0
"Honduras","HND",2017,0
"Honduras","HND",2018,0
"Honduras","HND",2019,0
"Honduras","HND",2020,25018008
"Honduras","HND",2021,29670652
"Honduras","HND",2022,27299706
"Hungary","HUN",2007,2274786.8
"Hungary","HUN",2008,3673401.8
"Hungary","HUN",2009,3496377
"India","IND",2008,145589870
"India","IND",2009,140001570
"India","IND",2010,225715500
"India","IND",2011,275000060
"India","IND",2012,205808370
"India","IND",2013,144554320
"India","IND",2014,164330060
"India","IND",2017,370506140
"India","IND",2018,2.75e+08
"India","IND",2020,414285730
"India","IND",2021,324458720
"India","IND",2022,258195680
"Indonesia","IDN",2006,56576572
"Indonesia","IDN",2007,58671396
"Indonesia","IDN",2008,49563290
"Indonesia","IDN",2009,60285420
"Indonesia","IDN",2010,68801200
"Indonesia","IDN",2011,72543624
"Indonesia","IDN",2012,87002696
"Indonesia","IDN",2015,114585090
"Indonesia","IDN",2016,0
"Indonesia","IDN",2017,151974620
"Indonesia","IDN",2018,119102110
"Indonesia","IDN",2019,158360510
"Indonesia","IDN",2020,157725760
"Indonesia","IDN",2021,0
"Iran","IRN",2006,32777972
"Iran","IRN",2008,36011016
"Iran","IRN",2009,40761320
"Iran","IRN",2012,74486120
"Iran","IRN",2017,0
"Iran","IRN",2018,0
"Iran","IRN",2019,0
"Iran","IRN",2020,0
"Iran","IRN",2022,0
"Iraq","IRQ",2022,0
"Israel","ISR",2017,0
"Israel","ISR",2019,0
"Italy","ITA",2011,508145470
"Jamaica","JAM",2005,11306126
"Jamaica","JAM",2006,10361506
"Jamaica","JAM",2007,14749274
"Jamaica","JAM",2009,15192488
"Jamaica","JAM",2010,14666841
"Jamaica","JAM",2011,18364388
"Jamaica","JAM",2012,17136136
"Jamaica","JAM",2013,12591007
"Jamaica","JAM",2014,15477906
"Jamaica","JAM",2015,0
"Jamaica","JAM",2016,19487738
"Jamaica","JAM",2018,0
"Jamaica","JAM",2019,0
"Jamaica","JAM",2020,0
"Jamaica","JAM",2021,0
"Jamaica","JAM",2022,0
"Japan","JPN",2006,68134840
"Japan","JPN",2009,73196540
"Japan","JPN",2010,73455940
"Japan","JPN",2011,67907860
"Japan","JPN",2020,0
"Jordan","JOR",2007,2697078
"Jordan","JOR",2009,3099000
"Jordan","JOR",2010,1723767.5
"Jordan","JOR",2011,1433831.5
"Jordan","JOR",2012,1968903
"Jordan","JOR",2013,1079616
"Jordan","JOR",2020,0
"Kazakhstan","KAZ",2007,17958794
"Kazakhstan","KAZ",2009,22778078
"Kazakhstan","KAZ",2011,36887020
"Kazakhstan","KAZ",2012,37809896
"Kazakhstan","KAZ",2013,37802616
"Kazakhstan","KAZ",2014,43041170
"Kazakhstan","KAZ",2015,33995760
"Kazakhstan","KAZ",2017,34816916
"Kazakhstan","KAZ",2018,0
"Kazakhstan","KAZ",2019,0
"Kazakhstan","KAZ",2020,36.00613
"Kazakhstan","KAZ",2021,69238620
"Kenya","KEN",2007,418581570
"Kenya","KEN",2008,659865860
"Kenya","KEN",2009,670864200
"Kenya","KEN",2010,726058600
"Kenya","KEN",2011,837615740
"Kenya","KEN",2012,740551400
"Kenya","KEN",2013,800451300
"Kenya","KEN",2014,1070667900
"Kenya","KEN",2016,948002200
"Kenya","KEN",2017,1174884600
"Kenya","KEN",2020,795089900
"Kenya","KEN",2021,871808100
"Kenya","KEN",2022,764057540
"Kiribati","KIR",2010,429800
"Kiribati","KIR",2011,258888
"Kiribati","KIR",2012,339277
"Kiribati","KIR",2014,669378.4
"Kiribati","KIR",2016,0
"Kiribati","KIR",2017,0
"Kiribati","KIR",2018,0
"Kiribati","KIR",2019,165150
"Kiribati","KIR",2020,0
"Kuwait","KWT",2007,4219466
"Kuwait","KWT",2008,4695719.5
"Kuwait","KWT",2009,4578055
"Kuwait","KWT",2010,56791068
"Kuwait","KWT",2012,59515456
"Kuwait","KWT",2013,59520036
"Kuwait","KWT",2014,22365504
"Kuwait","KWT",2016,32383674
"Kyrgyzstan","KGZ",2006,7917122.5
"Kyrgyzstan","KGZ",2008,8795736
"Kyrgyzstan","KGZ",2009,12153796
"Kyrgyzstan","KGZ",2010,11235261
"Kyrgyzstan","KGZ",2011,5720845
"Kyrgyzstan","KGZ",2012,13399289
"Kyrgyzstan","KGZ",2013,17609990
"Kyrgyzstan","KGZ",2014,15978696
"Kyrgyzstan","KGZ",2016,22020486
"Kyrgyzstan","KGZ",2017,0
"Kyrgyzstan","KGZ",2018,9961526
"Kyrgyzstan","KGZ",2019,6905322.5
"Kyrgyzstan","KGZ",2020,10751263
"Kyrgyzstan","KGZ",2021,7103466.5
"Kyrgyzstan","KGZ",2022,12627125
"Laos","LAO",2006,4675671
"Laos","LAO",2007,5146613.5
"Laos","LAO",2008,5017038
"Laos","LAO",2009,5997398
"Laos","LAO",2010,8586397
"Laos","LAO",2011,11749216
"Laos","LAO",2016,8272784.5
"Laos","LAO",2017,4633491
"Laos","LAO",2019,1149370
"Laos","LAO",2020,4287470.5
"Laos","LAO",2021,0
"Laos","LAO",2022,4062514
"Latvia","LVA",2006,5748000
"Latvia","LVA",2009,7134019.5
"Latvia","LVA",2010,6176719.5
"Latvia","LVA",2011,267460
"Latvia","LVA",2012,619656
"Latvia","LVA",2013,9452207
"Latvia","LVA",2014,8763408
"Latvia","LVA",2016,10336297
"Latvia","LVA",2017,14133472
"Lebanon","LBN",2007,4400000
"Lebanon","LBN",2008,7300000
"Lebanon","LBN",2009,4450000
"Lebanon","LBN",2010,2420000
"Lebanon","LBN",2011,2420000
"Lebanon","LBN",2013,5191497
"Lebanon","LBN",2016,0
"Lebanon","LBN",2017,0
"Lebanon","LBN",2019,6829080
"Lebanon","LBN",2020,0
"Lebanon","LBN",2022,9550000
"Lesotho","LSO",2006,24436396
"Lesotho","LSO",2007,54502464
"Lesotho","LSO",2008,81741090
"Lesotho","LSO",2013,63493172
"Lesotho","LSO",2015,99302984
"Lesotho","LSO",2016,101260600
"Lesotho","LSO",2017,110299410
"Lesotho","LSO",2018,0
"Lesotho","LSO",2022,0
"Liberia","LBR",2010,28357694
"Liberia","LBR",2011,31123572
"Liberia","LBR",2014,11522041
"Liberia","LBR",2015,10280475
"Libya","LBY",2019,0
"Libya","LBY",2020,0
"Libya","LBY",2022,0
"Liechtenstein","LIE",2018,0
"Liechtenstein","LIE",2022,0
"Lithuania","LTU",2011,3669400.8
"Lithuania","LTU",2012,2496551
"Luxembourg","LUX",2017,2755676.5
"Madagascar","MDG",2007,17802042
"Madagascar","MDG",2008,11960069
"Madagascar","MDG",2010,9431067
"Madagascar","MDG",2011,13881177
"Madagascar","MDG",2012,9820637
"Madagascar","MDG",2013,14723449
"Madagascar","MDG",2014,12707522
"Madagascar","MDG",2015,16861224
"Madagascar","MDG",2016,9117929
"Madagascar","MDG",2017,11981599
"Madagascar","MDG",2018,147685
"Madagascar","MDG",2019,3918.8208
"Madagascar","MDG",2022,0.002682168
"Malawi","MWI",2005,66407190
"Malawi","MWI",2008,107426240
"Malawi","MWI",2009,71804800
"Malawi","MWI",2010,65560000
"Malawi","MWI",2011,151972240
"Malawi","MWI",2012,145522430
"Malawi","MWI",2015,227510300
"Malawi","MWI",2016,0
"Malawi","MWI",2017,218441550
"Malawi","MWI",2019,258614000
"Malawi","MWI",2020,216957060
"Malawi","MWI",2021,207316000
"Malawi","MWI",2022,259699300
"Malaysia","MYS",2008,24752000
"Malaysia","MYS",2009,28179412
"Malaysia","MYS",2010,31945130
"Malaysia","MYS",2011,39193880
"Malaysia","MYS",2012,56645652
"Malaysia","MYS",2013,58084996
"Malaysia","MYS",2014,53802556
"Malaysia","MYS",2017,0
"Malaysia","MYS",2019,24360560
"Malaysia","MYS",2020,20694928
"Malaysia","MYS",2021,19840806
"Malaysia","MYS",2022,20563270
"Maldives","MDV",2022,0
"Mali","MLI",2006,29022702
"Mali","MLI",2007,43712744
"Mali","MLI",2008,43788576
"Mali","MLI",2009,28408826
"Mali","MLI",2010,36703030
"Mali","MLI",2011,24333790
"Mali","MLI",2012,21794990
"Mali","MLI",2016,33224960
"Mali","MLI",2017,0
"Mali","MLI",2018,0
"Mali","MLI",2019,33224960
"Mali","MLI",2020,0
"Mali","MLI",2021,0
"Mali","MLI",2022,0
"Marshall Islands","MHL",2007,122518
"Marshall Islands","MHL",2009,125841
"Marshall Islands","MHL",2010,390933
"Marshall Islands","MHL",2011,174208
"Marshall Islands","MHL",2012,446142
"Marshall Islands","MHL",2013,516765
"Marshall Islands","MHL",2014,679774
"Mauritania","MRT",2009,86917.12
"Mauritania","MRT",2010,946354
"Mauritania","MRT",2011,4082502
"Mauritania","MRT",2012,3934241
"Mauritania","MRT",2013,2731148
"Mauritania","MRT",2018,0
"Mauritania","MRT",2019,0
"Mauritania","MRT",2020,0
"Mauritania","MRT",2021,68635.055
"Mauritania","MRT",2022,0
"Mauritius","MUS",2006,1501345.4
"Mauritius","MUS",2010,7524015
"Mauritius","MUS",2018,0
"Mauritius","MUS",2019,0
"Mauritius","MUS",2020,0
"Mexico","MEX",2005,271364200
"Mexico","MEX",2008,447704500
"Mexico","MEX",2009,376480860
"Mexico","MEX",2011,534914180
"Mexico","MEX",2013,708124160
"Mexico","MEX",2015,936191550
"Mexico","MEX",2017,0
"Micronesia (country)","FSM",2014,344003.78
"Micronesia (country)","FSM",2017,405118
"Moldova","MDA",2007,8200348
"Moldova","MDA",2008,13254121
"Moldova","MDA",2009,11859795
"Moldova","MDA",2010,10948535
"Moldova","MDA",2011,14352889
"Moldova","MDA",2012,9582312
"Moldova","MDA",2013,7866204
"Moldova","MDA",2018,0
"Moldova","MDA",2019,8709970
"Moldova","MDA",2021,9742091
"Monaco","MCO",2022,0
"Mongolia","MNG",2007,3377400
"Mongolia","MNG",2008,5160118
"Mongolia","MNG",2009,4758316.5
"Mongolia","MNG",2010,3883709.8
"Mongolia","MNG",2011,3949791
"Mongolia","MNG",2013,3552745
"Mongolia","MNG",2014,2858199
"Mongolia","MNG",2016,5255800
"Mongolia","MNG",2019,0
"Mongolia","MNG",2020,0
"Montenegro","MNE",2007,1470537
"Montenegro","MNE",2008,596567.6
"Montenegro","MNE",2009,830121.44
"Montenegro","MNE",2016,0
"Montenegro","MNE",2017,0
"Montenegro","MNE",2018,0
"Montenegro","MNE",2019,0
"Montenegro","MNE",2020,0
"Montenegro","MNE",2022,0
"Morocco","MAR",2006,6900216
"Morocco","MAR",2007,11040303
"Morocco","MAR",2008,13643597
"Morocco","MAR",2009,14648004
"Morocco","MAR",2010,14832191
"Morocco","MAR",2011,14632692
"Morocco","MAR",2012,21453834
"Morocco","MAR",2013,22730808
"Morocco","MAR",2015,22099998
"Morocco","MAR",2017,39062784
"Morocco","MAR",2019,0
"Morocco","MAR",2020,0
"Morocco","MAR",2021,0
"Morocco","MAR",2022,0
"Mozambique","MOZ",2004,48503890
"Mozambique","MOZ",2005,58992972
"Mozambique","MOZ",2006,96623780
"Mozambique","MOZ",2007,105235580
"Mozambique","MOZ",2008,146424960
"Mozambique","MOZ",2010,213485250
"Mozambique","MOZ",2011,260279340
"Mozambique","MOZ",2012,257440200
"Mozambique","MOZ",2013,353766000
"Mozambique","MOZ",2015,343606050
"Mozambique","MOZ",2016,329521470
"Mozambique","MOZ",2017,508492400
"Mozambique","MOZ",2018,545423500
"Mozambique","MOZ",2019,557780700
"Myanmar","MMR",2007,32762916
"Myanmar","MMR",2008,32802378
"Myanmar","MMR",2009,34264132
"Myanmar","MMR",2010,40501040
"Myanmar","MMR",2011,46293476
"Myanmar","MMR",2012,42196576
"Myanmar","MMR",2013,56389652
"Myanmar","MMR",2016,86195430
"Myanmar","MMR",2017,106469240
"Myanmar","MMR",2019,0
"Myanmar","MMR",2022,0
"Namibia","NAM",2003,3.5e+07
"Namibia","NAM",2005,79122000
"Namibia","NAM",2007,130500000
"Namibia","NAM",2009,243041940
"Namibia","NAM",2010,279320480
"Namibia","NAM",2012,206262060
"Namibia","NAM",2013,213346620
"Namibia","NAM",2014,201060030
"Namibia","NAM",2016,162654200
"Namibia","NAM",2017,0
"Namibia","NAM",2018,146545440
"Nauru","NRU",2008,80673.66
"Nauru","NRU",2009,97112.33
"Nepal","NPL",2006,8896695
"Nepal","NPL",2007,17661652
"Nepal","NPL",2009,20454800
"Nepal","NPL",2013,16357125
"Nepal","NPL",2014,18815088
"Nepal","NPL",2016,18893916
"Nepal","NPL",2017,20002670
"Nepal","NPL",2018,15759395
"Nepal","NPL",2019,115982.74
"Nepal","NPL",2021,17543434
"Nepal","NPL",2022,15950592
"New Zealand","NZL",2017,30068244
"New Zealand","NZL",2021,0
"New Zealand","NZL",2022,0
"Nicaragua","NIC",2007,12665213
"Nicaragua","NIC",2008,14992937
"Nicaragua","NIC",2010,24894866
"Nicaragua","NIC",2015,0
"Nicaragua","NIC",2016,0
"Nicaragua","NIC",2017,0
"Nicaragua","NIC",2018,0
"Nicaragua","NIC",2019,0
"Nicaragua","NIC",2020,0
"Nicaragua","NIC",2022,0
"Niger","NER",2006,21632108
"Niger","NER",2007,16656278
"Niger","NER",2008,14268161
"Niger","NER",2009,10080692
"Niger","NER",2010,14180564
"Niger","NER",2011,14617434
"Niger","NER",2012,16094800
"Niger","NER",2013,13575589
"Niger","NER",2014,10899296
"Niger","NER",2015,14391198
"Niger","NER",2016,18756304
"Niger","NER",2017,32216586
"Niger","NER",2019,0
"Niger","NER",2020,6558438
"Niger","NER",2021,4478342
"Niger","NER",2022,0
"Nigeria","NGA",2006,19140700
"Nigeria","NGA",2007,299241760
"Nigeria","NGA",2008,394963870
"Nigeria","NGA",2009,415287420
"Nigeria","NGA",2010,496917470
"Nigeria","NGA",2011,499432740
"Nigeria","NGA",2012,574310100
"Nigeria","NGA",2015,501736450
"Nigeria","NGA",2016,553039170
"Nigeria","NGA",2017,560296400
"Nigeria","NGA",2018,532371500
"Nigeria","NGA",2020,532371500
"Nigeria","NGA",2021,532371500
"Nigeria","NGA",2022,519359200
"North Korea","PRK",2009,868500
"North Korea","PRK",2010,1014600
"North Korea","PRK",2011,1145420
"North Macedonia","MKD",2005,3627078.5
"North Macedonia","MKD",2008,3659005.2
"North Macedonia","MKD",2009,4753257
"North Macedonia","MKD",2010,4764350.5
"North Macedonia","MKD",2019,2287012.2
"Oman","OMN",2009,811770.9
"Oman","OMN",2011,4703922.5
"Oman","OMN",2012,5422075
"Oman","OMN",2013,3890133.8
"Oman","OMN",2014,4324861
"Oman","OMN",2019,0
"Oman","OMN",2022,0
"Pakistan","PAK",2007,5076641.5
"Pakistan","PAK",2008,14194847
"Pakistan","PAK",2009,14064508
"Pakistan","PAK",2010,12951615
"Pakistan","PAK",2011,5209747
"Pakistan","PAK",2012,10450151
"Pakistan","PAK",2013,9993630
"Pakistan","PAK",2018,0
"Pakistan","PAK",2019,8428830
"Pakistan","PAK",2020,0
"Pakistan","PAK",2022,20505544
"Palau","PLW",2007,57425.37
"Palau","PLW",2008,57260.82
"Palau","PLW",2009,67448.6
"Palau","PLW",2010,982489
"Palau","PLW",2011,1044959.1
"Palau","PLW",2013,409041.34
"Panama","PAN",2006,21997472
"Panama","PAN",2008,21077738
"Panama","PAN",2010,24275360
"Panama","PAN",2012,47835016
"Panama","PAN",2018,54953776
"Panama","PAN",2019,0
"Panama","PAN",2020,3260821.8
"Panama","PAN",2021,36070750
"Panama","PAN",2022,42686804
"Papua New Guinea","PNG",2009,50333020
"Papua New Guinea","PNG",2010,51209268
"Papua New Guinea","PNG",2011,47372864
"Papua New Guinea","PNG",2012,36659268
"Papua New Guinea","PNG",2016,20388426
"Papua New Guinea","PNG",2017,15488166
"Papua New Guinea","PNG",2018,18484832
"Papua New Guinea","PNG",2019,23819722
"Papua New Guinea","PNG",2022,0
"Paraguay","PRY",2006,1017666
"Paraguay","PRY",2007,2497096
"Paraguay","PRY",2008,11831832
"Paraguay","PRY",2009,14042677
"Paraguay","PRY",2010,12414684
"Paraguay","PRY",2011,9208240
"Paraguay","PRY",2012,13657173
"Paraguay","PRY",2013,14941352
"Paraguay","PRY",2018,2198377
"Paraguay","PRY",2019,3849266.5
"Paraguay","PRY",2020,0
"Paraguay","PRY",2022,5466610
"Peru","PER",2005,25773172
"Peru","PER",2006,36169690
"Peru","PER",2007,39986984
"Peru","PER",2008,45186950
"Peru","PER",2009,62229416
"Peru","PER",2010,36431350
"Peru","PER",2013,74861270
"Peru","PER",2014,78148250
"Peru","PER",2019,0
"Peru","PER",2020,74710940
"Peru","PER",2021,21593100
"Peru","PER",2022,71036630
"Philippines","PHL",2005,8054565.5
"Philippines","PHL",2006,8561155
"Philippines","PHL",2007,5623741
"Philippines","PHL",2008,7734114.5
"Philippines","PHL",2009,12030977
"Philippines","PHL",2010,12495865
"Philippines","PHL",2011,12645620
"Philippines","PHL",2012,9642395
"Philippines","PHL",2013,10319421
"Philippines","PHL",2018,0
"Philippines","PHL",2019,0
"Philippines","PHL",2020,0
"Poland","POL",2007,41978736
"Poland","POL",2008,62946970
"Poland","POL",2009,48820380
"Poland","POL",2010,66986130
"Poland","POL",2011,74423710
"Poland","POL",2012,83259470
"Poland","POL",2013,90199780
"Poland","POL",2014,83684560
"Portugal","PRT",2009,10081614
"Portugal","PRT",2010,175446300
"Portugal","PRT",2011,201374450
"Portugal","PRT",2012,10356197
"Portugal","PRT",2013,274577660
"Qatar","QAT",2022,0
"Romania","ROU",2006,76088420
"Romania","ROU",2008,87241140
"Romania","ROU",2009,84255940
"Romania","ROU",2010,95508030
"Romania","ROU",2011,108228460
"Romania","ROU",2012,34583120
"Romania","ROU",2014,98535200
"Romania","ROU",2017,70977790
"Russia","RUS",2006,304989820
"Russia","RUS",2008,780172800
"Russia","RUS",2013,546296300
"Russia","RUS",2014,512676060
"Russia","RUS",2017,703043900
"Rwanda","RWA",2006,87129460
"Rwanda","RWA",2007,74564936
"Rwanda","RWA",2008,110811600
"Rwanda","RWA",2009,173621090
"Rwanda","RWA",2011,234613360
"Rwanda","RWA",2012,243667680
"Rwanda","RWA",2014,196498100
"Rwanda","RWA",2015,217589950
"Rwanda","RWA",2018,0
"Rwanda","RWA",2019,0
"Rwanda","RWA",2020,0
"Rwanda","RWA",2022,0
"Saint Kitts and Nevis","KNA",2007,1342611.1
"Saint Kitts and Nevis","KNA",2008,1487271.4
"Saint Kitts and Nevis","KNA",2009,1210090.8
"Saint Kitts and Nevis","KNA",2010,151172.72
"Saint Kitts and Nevis","KNA",2011,93349.26
"Saint Kitts and Nevis","KNA",2012,82440.37
"Saint Kitts and Nevis","KNA",2013,85110
"Saint Kitts and Nevis","KNA",2017,198975.92
"Saint Kitts and Nevis","KNA",2018,232614.08
"Saint Kitts and Nevis","KNA",2019,224475.12
"Saint Kitts and Nevis","KNA",2020,882264.25
"Saint Kitts and Nevis","KNA",2021,212515.86
"Saint Kitts and Nevis","KNA",2022,193125.1
"Saint Lucia","LCA",2006,1000199.06
"Saint Lucia","LCA",2007,772018
"Saint Lucia","LCA",2016,111111.11
"Saint Lucia","LCA",2017,145833.33
"Saint Lucia","LCA",2018,0
"Saint Lucia","LCA",2019,0
"Saint Lucia","LCA",2020,0
"Saint Lucia","LCA",2021,189591.33
"Saint Lucia","LCA",2022,0
"Saint Vincent and the Grenadines","VCT",2008,1625301
"Saint Vincent and the Grenadines","VCT",2009,2629219.2
"Saint Vincent and the Grenadines","VCT",2010,4020691.8
"Saint Vincent and the Grenadines","VCT",2011,2951441
"Saint Vincent and the Grenadines","VCT",2012,1466605.4
"Samoa","WSM",2009,792332
"Samoa","WSM",2010,345027.7
"Samoa","WSM",2011,307482.25
"Samoa","WSM",2013,903852
"Samoa","WSM",2017,203614.45
"Samoa","WSM",2018,167099.56
"Samoa","WSM",2019,79807.695
"Sao Tome and Principe","STP",2007,98088.72
"Sao Tome and Principe","STP",2008,93188.51
"Sao Tome and Principe","STP",2009,460568.9
"Sao Tome and Principe","STP",2010,605752
"Sao Tome and Principe","STP",2011,880869
"Sao Tome and Principe","STP",2012,438390
"Sao Tome and Principe","STP",2013,821699.44
"Sao Tome and Principe","STP",2014,751805.8
"Sao Tome and Principe","STP",2019,0
"Saudi Arabia","SAU",2009,19389142
"Saudi Arabia","SAU",2022,0
"Senegal","SEN",2006,11934512
"Senegal","SEN",2007,17814672
"Senegal","SEN",2008,29758122
"Senegal","SEN",2011,21357516
"Senegal","SEN",2012,25134304
"Senegal","SEN",2013,22380530
"Senegal","SEN",2014,17191880
"Senegal","SEN",2015,0
"Senegal","SEN",2016,0
"Senegal","SEN",2017,0
"Senegal","SEN",2018,0
"Senegal","SEN",2019,0
"Senegal","SEN",2021,0
"Senegal","SEN",2022,1776963.6
"Serbia","SRB",2012,13375570
"Serbia","SRB",2013,16333869
"Serbia","SRB",2022,0
"Seychelles","SYC",2007,479214
"Seychelles","SYC",2008,575899.25
"Seychelles","SYC",2009,1748649.1
"Seychelles","SYC",2010,2354608
"Seychelles","SYC",2011,2172223.8
"Seychelles","SYC",2012,4686372
"Seychelles","SYC",2013,2900786.5
"Seychelles","SYC",2016,0
"Seychelles","SYC",2018,0
"Seychelles","SYC",2019,0
"Seychelles","SYC",2020,2136666.8
"Seychelles","SYC",2021,0
"Seychelles","SYC",2022,4543294.5
"Sierra Leone","SLE",2006,7759514
"Sierra Leone","SLE",2007,9172665
"Sierra Leone","SLE",2009,14309550
"Sierra Leone","SLE",2011,20905244
"Sierra Leone","SLE",2020,0
"Sierra Leone","SLE",2021,0
"Sierra Leone","SLE",2022,6737120
"Singapore","SGP",2007,11349934
"Singapore","SGP",2008,15338056
"Singapore","SGP",2009,14361842
"Singapore","SGP",2010,16486429
"Singapore","SGP",2011,23091270
"Singapore","SGP",2012,23746298
"Singapore","SGP",2013,23739324
"Singapore","SGP",2014,23202746
"Singapore","SGP",2016,26962710
"Singapore","SGP",2017,52093244
"Singapore","SGP",2020,59986668
"Singapore","SGP",2021,0
"Solomon Islands","SLB",2008,598244.6
"Solomon Islands","SLB",2009,575215.6
"Solomon Islands","SLB",2010,804326.7
"Solomon Islands","SLB",2011,908429.06
"Solomon Islands","SLB",2018,1232876.8
"Somalia","SOM",2006,12202917
"Somalia","SOM",2007,9811603
"Somalia","SOM",2008,5994773.5
"Somalia","SOM",2009,5981773.5
"Somalia","SOM",2018,5959474
"Somalia","SOM",2019,6467638
"South Africa","ZAF",2006,610975170
"South Africa","ZAF",2007,648093900
"South Africa","ZAF",2009,2329049300
"South Africa","ZAF",2014,1845779500
"South Africa","ZAF",2015,0
"South Africa","ZAF",2016,0
"South Africa","ZAF",2017,2432035000
"South Africa","ZAF",2018,2501569000
"South Africa","ZAF",2019,2553936600
"South Africa","ZAF",2020,2407544000
"South Africa","ZAF",2021,2465270300
"South Korea","KOR",2009,13178000
"South Korea","KOR",2010,11161000
"South Korea","KOR",2011,11171000
"South Sudan","SSD",2006,260000
"South Sudan","SSD",2007,1312767
"South Sudan","SSD",2011,31238878
"South Sudan","SSD",2012,24154614
"South Sudan","SSD",2015,25044292
"South Sudan","SSD",2016,0
"South Sudan","SSD",2017,0
"South Sudan","SSD",2018,0
"South Sudan","SSD",2019,0
"South Sudan","SSD",2020,0
"Spain","ESP",2007,551413200
"Spain","ESP",2008,916739260
"Spain","ESP",2009,947070400
"Spain","ESP",2010,980914000
"Spain","ESP",2011,1080338200
"Spain","ESP",2012,978031100
"Spain","ESP",2013,919488300
"Sri Lanka","LKA",2007,1705728.1
"Sri Lanka","LKA",2008,1568313
"Sri Lanka","LKA",2009,4504057.5
"Sri Lanka","LKA",2010,4727896.5
"Sri Lanka","LKA",2013,1226938
"Sri Lanka","LKA",2019,4349943
"Sri Lanka","LKA",2020,11094589
"Sri Lanka","LKA",2021,3417245.2
"Sri Lanka","LKA",2022,0
"Sudan","SDN",2008,15985346
"Sudan","SDN",2009,15358624
"Sudan","SDN",2011,23349252
"Sudan","SDN",2012,18458156
"Sudan","SDN",2013,13840875
"Sudan","SDN",2019,0
"Sudan","SDN",2022,0
"Suriname","SUR",2007,5e+05
"Suriname","SUR",2009,4037170.5
"Suriname","SUR",2010,6129853.5
"Suriname","SUR",2011,4674508
"Suriname","SUR",2019,0
"Switzerland","CHE",2006,18505748
"Switzerland","CHE",2008,14898054
"Switzerland","CHE",2009,14843029
"Switzerland","CHE",2010,3067778.8
"Switzerland","CHE",2011,3608480
"Switzerland","CHE",2012,3411877.5
"Switzerland","CHE",2014,7971393
"Switzerland","CHE",2015,7239334
"Switzerland","CHE",2016,7179989.5
"Syria","SYR",2007,1660147
"Syria","SYR",2008,2014305
"Syria","SYR",2009,2019325
"Syria","SYR",2011,809850
"Syria","SYR",2016,0
"Syria","SYR",2018,0
"Syria","SYR",2019,0
"Tajikistan","TJK",2006,5210555
"Tajikistan","TJK",2008,6186978.5
"Tajikistan","TJK",2009,7501041
"Tajikistan","TJK",2010,15293809
"Tajikistan","TJK",2011,15370003
"Tajikistan","TJK",2012,12715924
"Tajikistan","TJK",2013,14077893
"Tajikistan","TJK",2017,13927835
"Tajikistan","TJK",2018,9665146
"Tajikistan","TJK",2019,11452858
"Tajikistan","TJK",2020,2811159.2
"Tajikistan","TJK",2021,2957060.5
"Tajikistan","TJK",2022,3736908.5
"Tanzania","TZA",2005,266371070
"Tanzania","TZA",2016,246181860
"Tanzania","TZA",2017,264953060
"Tanzania","TZA",2018,265615540
"Tanzania","TZA",2019,477711360
"Tanzania","TZA",2020,557961540
"Tanzania","TZA",2021,0
"Tanzania","TZA",2022,0
"Thailand","THA",2007,199644530
"Thailand","THA",2008,209123120
"Thailand","THA",2009,209106530
"Thailand","THA",2010,242670430
"Thailand","THA",2011,325388450
"Thailand","THA",2012,282888800
"Thailand","THA",2013,287278800
"Thailand","THA",2015,0
"Thailand","THA",2018,258641950
"Thailand","THA",2019,295888260
"Thailand","THA",2020,261127250
"Thailand","THA",2021,286070820
"Thailand","THA",2022,0
"Togo","TGO",2006,8530267
"Togo","TGO",2007,14365724
"Togo","TGO",2008,17238298
"Togo","TGO",2009,15272334
"Togo","TGO",2010,24317568
"Togo","TGO",2011,21971072
"Togo","TGO",2012,20455090
"Togo","TGO",2013,26857752
"Togo","TGO",2014,25321422
"Togo","TGO",2015,18162646
"Togo","TGO",2016,24594122
"Togo","TGO",2017,38872400
"Togo","TGO",2019,20503500
"Togo","TGO",2020,25130688
"Togo","TGO",2022,0
"Tonga","TON",2008,209703.69
"Tonga","TON",2009,310525.78
"Tonga","TON",2014,158093.23
"Trinidad and Tobago","TTO",2006,12678332
"Trinidad and Tobago","TTO",2007,10118410
"Trinidad and Tobago","TTO",2008,15442886
"Trinidad and Tobago","TTO",2009,13810965
"Trinidad and Tobago","TTO",2016,0
"Trinidad and Tobago","TTO",2019,0
"Trinidad and Tobago","TTO",2020,0
"Tunisia","TUN",2010,3038140
"Tunisia","TUN",2011,2742549
"Tunisia","TUN",2018,0
"Tunisia","TUN",2019,0
"Tunisia","TUN",2020,0
"Tunisia","TUN",2021,0
"Tunisia","TUN",2022,0
"Turkey","TUR",2006,54365480
"Turkey","TUR",2007,56852200
"Turkey","TUR",2012,12291905
"Turkey","TUR",2018,0
"Turkey","TUR",2019,0
"Turkey","TUR",2020,0
"Turkey","TUR",2022,0
"Tuvalu","TUV",2008,100132.46
"Tuvalu","TUV",2009,61294
"Tuvalu","TUV",2010,59641
"Tuvalu","TUV",2011,177096.4
"Tuvalu","TUV",2013,34455
"Uganda","UGA",2005,202419250
"Uganda","UGA",2007,270011040
"Uganda","UGA",2008,296649950
"Uganda","UGA",2015,0
"Uganda","UGA",2016,0
"Uganda","UGA",2017,0
"Uganda","UGA",2018,0
"Uganda","UGA",2019,0
"Uganda","UGA",2020,462799740
"Uganda","UGA",2021,0
"Uganda","UGA",2022,0
"Ukraine","UKR",2005,40004056
"Ukraine","UKR",2006,55737388
"Ukraine","UKR",2007,79354450
"Ukraine","UKR",2008,102429700
"Ukraine","UKR",2009,65397492
"Ukraine","UKR",2010,72838820
"Ukraine","UKR",2011,107004264
"Ukraine","UKR",2012,124325860
"Ukraine","UKR",2015,97737790
"Ukraine","UKR",2016,104175190
"Ukraine","UKR",2017,107815070
"Ukraine","UKR",2018,0
"Ukraine","UKR",2019,100008960
"Ukraine","UKR",2021,91796380
"Ukraine","UKR",2022,0
"United Arab Emirates","ARE",2009,17583652
"United Arab Emirates","ARE",2010,25480828
"United Arab Emirates","ARE",2011,30630854
"United Arab Emirates","ARE",2012,32476416
"United Arab Emirates","ARE",2017,34579270
"United Arab Emirates","ARE",2018,0
"United Arab Emirates","ARE",2019,18524682
"United Arab Emirates","ARE",2020,35367644
"United Arab Emirates","ARE",2021,0
"United Arab Emirates","ARE",2022,32211274
"United Kingdom","GBR",2007,1204081700
"United Kingdom","GBR",2008,925714300
"United Kingdom","GBR",2009,80303030
"United Kingdom","GBR",2016,165587040
"Uruguay","URY",2005,6245860.5
"Uruguay","URY",2006,5736140.5
"Uruguay","URY",2007,14077809
"Uruguay","URY",2016,0
"Uruguay","URY",2017,0
"Uruguay","URY",2018,0
"Uruguay","URY",2019,0
"Uruguay","URY",2020,0
"Uruguay","URY",2022,0
"Uzbekistan","UZB",2009,15939901
"Uzbekistan","UZB",2010,23663618
"Uzbekistan","UZB",2011,19149708
"Uzbekistan","UZB",2012,24106268
"Uzbekistan","UZB",2013,21315540
"Uzbekistan","UZB",2014,19113116
"Uzbekistan","UZB",2019,2954481.5
"Uzbekistan","UZB",2020,4976056
"Uzbekistan","UZB",2021,4072707.5
"Vanuatu","VUT",2008,1092358
"Vanuatu","VUT",2009,1114768
"Vanuatu","VUT",2010,1661522.9
"Vanuatu","VUT",2011,1883490
"Vanuatu","VUT",2012,328089.4
"Vanuatu","VUT",2013,867285.75
"Vanuatu","VUT",2016,86587.69
"Venezuela","VEN",2007,79818050
"Venezuela","VEN",2008,71722970
"Venezuela","VEN",2009,83424290
"Venezuela","VEN",2010,109663740
"Venezuela","VEN",2011,80485624
"Venezuela","VEN",2012,66618452
"Venezuela","VEN",2013,72603704
"Venezuela","VEN",2016,9002384
"Venezuela","VEN",2017,369330.47
"Venezuela","VEN",2018,26929358
"Venezuela","VEN",2019,15061770
"Venezuela","VEN",2020,14752970
"Venezuela","VEN",2021,14137137
"Venezuela","VEN",2022,16207733
"Vietnam","VNM",2006,47155760
"Vietnam","VNM",2007,66280816
"Vietnam","VNM",2008,108814500
"Vietnam","VNM",2009,127374480
"Vietnam","VNM",2010,139253250
"Vietnam","VNM",2011,99844930
"Vietnam","VNM",2012,95446490
"Vietnam","VNM",2015,0
"Vietnam","VNM",2017,0
"Vietnam","VNM",2018,0
"Vietnam","VNM",2020,0
"Vietnam","VNM",2022,0
"Yemen","YEM",2009,4955843
"Yemen","YEM",2010,2210998
"Yemen","YEM",2011,1613920
"Zambia","ZMB",2006,189929900
"Zambia","ZMB",2012,282218620
"Zambia","ZMB",2017,0
"Zambia","ZMB",2018,0
"Zambia","ZMB",2019,312101900
"Zambia","ZMB",2020,249154060
"Zambia","ZMB",2022,4600000
"Zimbabwe","ZWE",2005,89432190
"Zimbabwe","ZWE",2006,129516620
"Zimbabwe","ZWE",2008,27387120
"Zimbabwe","ZWE",2009,90338610
"Zimbabwe","ZWE",2010,268908540
"Zimbabwe","ZWE",2011,257657390
"Zimbabwe","ZWE",2012,308835460
"Zimbabwe","ZWE",2013,253479650
"Zimbabwe","ZWE",2016,409487000
"Zimbabwe","ZWE",2017,417971620
"Zimbabwe","ZWE",2018,0
"Zimbabwe","ZWE",2019,309567740
"Zimbabwe","ZWE",2020,284963070
"Zimbabwe","ZWE",2021,460532260
